<?xml version="1.0"?>
<metadata xml:lang="en"><Esri><CreaDate>20240113</CreaDate><CreaTime>21323400</CreaTime><ArcGISFormat>1.0</ArcGISFormat><SyncOnce>TRUE</SyncOnce><ModDate>20240113</ModDate><ModTime>21365700</ModTime><scaleRange><minScale>150000000</minScale><maxScale>5000</maxScale></scaleRange><ArcGISProfile>ItemDescription</ArcGISProfile></Esri><tool name="Tool1" displayname="Aggregate Media" toolboxalias="toolbox" xmlns=""><arcToolboxHelpPath>c:\program files\arcgis\pro\Resources\Help\gp</arcToolboxHelpPath><parameters><param name="chem_dir" displayname="Chemical directory location" type="Required" direction="Input" datatype="String" expression="chem_dir"><dialogReference>&lt;DIV STYLE="text-align:Left;"&gt;&lt;DIV&gt;&lt;P&gt;&lt;SPAN&gt;Folder that contains the joined shapefiles.&lt;/SPAN&gt;&lt;/P&gt;&lt;P&gt;&lt;SPAN&gt;If the joined shapefiles are named "E:\AERMOD\Joined_shps_Diazinon\USA_2001", the input for this field is "E:\AERMOD\Joined_shps_Diazinon"&lt;/SPAN&gt;&lt;/P&gt;&lt;/DIV&gt;&lt;/DIV&gt;</dialogReference></param><param name="chem_num" displayname="Chemical Number" type="Required" direction="Input" datatype="String" expression="chem_num"><dialogReference>&lt;DIV STYLE="text-align:Left;"&gt;&lt;DIV&gt;&lt;P&gt;&lt;SPAN&gt;Chemical number. &lt;/SPAN&gt;&lt;/P&gt;&lt;/DIV&gt;&lt;/DIV&gt;</dialogReference></param></parameters><summary>&lt;DIV STYLE="text-align:Left;"&gt;&lt;DIV&gt;&lt;P&gt;&lt;SPAN&gt;Step 1.&lt;/SPAN&gt;&lt;/P&gt;&lt;P&gt;&lt;SPAN&gt;Aggregate media files: for each unique Id (cell), take the sum of the conc values so that there is only one conc value for each cell per chemical&lt;/SPAN&gt;&lt;/P&gt;&lt;/DIV&gt;&lt;/DIV&gt;</summary></tool><dataIdInfo><idCitation><resTitle>Aggregate Media</resTitle></idCitation><searchKeys><keyword>AERMOD</keyword></searchKeys></dataIdInfo><distInfo><distributor><distorFormat><formatName>ArcToolbox Tool</formatName></distorFormat></distributor></distInfo><mdHrLv><ScopeCd value="005"></ScopeCd></mdHrLv><mdDateSt Sync="TRUE">20240113</mdDateSt></metadata>
