<?xml version="1.0"?>
<metadata xml:lang="en"><Esri><CreaDate>20240113</CreaDate><CreaTime>21371400</CreaTime><ArcGISFormat>1.0</ArcGISFormat><SyncOnce>TRUE</SyncOnce><ModDate>20240113</ModDate><ModTime>21464000</ModTime><scaleRange><minScale>150000000</minScale><maxScale>5000</maxScale></scaleRange><ArcGISProfile>ItemDescription</ArcGISProfile></Esri><tool name="Tool2" displayname="Copy Aggregate Media into Individual GeoDatabses" toolboxalias="toolbox" xmlns=""><arcToolboxHelpPath>c:\program files\arcgis\pro\Resources\Help\gp</arcToolboxHelpPath><parameters><param name="agg_dir" displayname="Aggregated Media Directory Path" type="Required" direction="Input" datatype="String" expression="agg_dir"><dialogReference>&lt;DIV STYLE="text-align:Left;"&gt;&lt;DIV&gt;&lt;P&gt;&lt;SPAN&gt;Parent folder that contains all chemicals and aggregated media. i.e. "D:\AERMOD_Core_01\AERMOD_UIDS\Attributes_by_Chemical"&lt;/SPAN&gt;&lt;/P&gt;&lt;/DIV&gt;&lt;/DIV&gt;</dialogReference></param><param name="output_gdb" displayname="Folder where new geodatabses for each year will be created" type="Required" direction="Input" datatype="Folder" expression="output_gdb"><dialogReference>&lt;DIV STYLE="text-align:Left;"&gt;&lt;DIV&gt;&lt;P&gt;&lt;SPAN&gt;Chemical-specific gdb where all shapefiles will be outputted. &lt;/SPAN&gt;&lt;/P&gt;&lt;/DIV&gt;&lt;/DIV&gt;</dialogReference></param><param name="startyr" displayname="First Year of Data" type="Required" direction="Input" datatype="Long" expression="startyr"><dialogReference>&lt;DIV STYLE="text-align:Left;"&gt;&lt;DIV&gt;&lt;P&gt;&lt;SPAN&gt;First year of data &lt;/SPAN&gt;&lt;/P&gt;&lt;/DIV&gt;&lt;/DIV&gt;</dialogReference></param><param name="endyr" displayname="Last Year of Data" type="Required" direction="Input" datatype="Long" expression="endyr"><dialogReference>&lt;DIV STYLE="text-align:Left;"&gt;&lt;DIV&gt;&lt;P&gt;&lt;SPAN&gt;Last year of data&lt;/SPAN&gt;&lt;/P&gt;&lt;/DIV&gt;&lt;/DIV&gt;</dialogReference></param></parameters><summary>&lt;DIV STYLE="text-align:Left;"&gt;&lt;DIV&gt;&lt;P&gt;&lt;SPAN&gt;Create gdbs for each year of data and batch wise copy rows of aggregated media into appropriate year gdbs.&lt;/SPAN&gt;&lt;/P&gt;&lt;/DIV&gt;&lt;/DIV&gt;</summary></tool><dataIdInfo><idCitation><resTitle>Copy Aggregate Media into Individual GeoDatabses</resTitle></idCitation><searchKeys><keyword>AERMOD</keyword></searchKeys></dataIdInfo><distInfo><distributor><distorFormat><formatName>ArcToolbox Tool</formatName></distorFormat></distributor></distInfo><mdHrLv><ScopeCd value="005"></ScopeCd></mdHrLv><mdDateSt Sync="TRUE">20240113</mdDateSt></metadata>
