<?xml version="1.0"?>
<metadata xml:lang="en"><Esri><CreaDate>20240112</CreaDate><CreaTime>20424900</CreaTime><ArcGISFormat>1.0</ArcGISFormat><SyncOnce>TRUE</SyncOnce><ModDate>20240113</ModDate><ModTime>21530800</ModTime><scaleRange><minScale>150000000</minScale><maxScale>5000</maxScale></scaleRange><ArcGISProfile>ItemDescription</ArcGISProfile></Esri><tool name="Tool3" displayname="QueryTableCreation" toolboxalias="toolbox" xmlns=""><arcToolboxHelpPath>c:\program files\arcgis\pro\Resources\Help\gp</arcToolboxHelpPath><parameters><param name="input_gdb_root" displayname="Input Geodatabase parent folder" type="Required" direction="Input" datatype="Workspace" expression="input_gdb_root"><dialogReference>&lt;DIV STYLE="text-align:Left;"&gt;&lt;DIV&gt;&lt;P&gt;&lt;SPAN&gt;If the shp files are saved as "E:\AERMOD\Joined_shps_TCE\USA_2001", the &lt;/SPAN&gt;&lt;SPAN STYLE="font-weight:bold;"&gt;input gdb root &lt;/SPAN&gt;&lt;SPAN&gt;would be "E:\AERMOD\Joined_shps_TCE"&lt;/SPAN&gt;&lt;/P&gt;&lt;/DIV&gt;&lt;/DIV&gt;</dialogReference></param><param name="output_gdb" displayname="Output Geodatabase Root path" type="Required" direction="Input" datatype="Workspace" expression="output_gdb"><dialogReference>&lt;DIV STYLE="text-align:Left;"&gt;&lt;DIV&gt;&lt;P&gt;&lt;SPAN&gt;Name of the new output geodatabase to save all the shps. i.e.: "E:\AERMOD\AllYears_567.gdb". Make sure this output gdb is created before running this tool.&lt;/SPAN&gt;&lt;/P&gt;&lt;/DIV&gt;&lt;/DIV&gt;</dialogReference></param><param name="media" displayname="M1 or M2" type="Required" direction="Input" datatype="String" expression="media"><dialogReference>&lt;DIV STYLE="text-align:Left;"&gt;&lt;DIV&gt;&lt;P&gt;&lt;SPAN STYLE="font-weight:bold;"&gt;Must be input as "M1" or "M2" (exactly. There are the only two options at this time).&lt;/SPAN&gt;&lt;/P&gt;&lt;/DIV&gt;&lt;/DIV&gt;</dialogReference></param><param name="chem_num" displayname="Chemical number" type="Required" direction="Input" datatype="String" expression="chem_num"><dialogReference>&lt;DIV STYLE="text-align:Left;"&gt;&lt;DIV&gt;&lt;P&gt;&lt;SPAN&gt;Chemical Number, i.e. "146"&lt;/SPAN&gt;&lt;/P&gt;&lt;/DIV&gt;&lt;/DIV&gt;</dialogReference></param></parameters><summary>&lt;DIV STYLE="text-align:Left;"&gt;&lt;DIV&gt;&lt;P&gt;&lt;SPAN&gt;Joining empty shp with media chem data and exporting to the correct gdb that holds all years, all media for one chemical, LOOP THROUGH  join via making query table. &lt;/SPAN&gt;&lt;SPAN STYLE="font-weight:bold;"&gt;Must be run separately for each media (M1 and M2).&lt;/SPAN&gt;&lt;/P&gt;&lt;/DIV&gt;&lt;/DIV&gt;</summary></tool><dataIdInfo><idCitation><resTitle>QueryTableCreation</resTitle></idCitation><searchKeys><keyword>AERMOD</keyword></searchKeys></dataIdInfo><distInfo><distributor><distorFormat><formatName>ArcToolbox Tool</formatName></distorFormat></distributor></distInfo><mdHrLv><ScopeCd value="005"></ScopeCd></mdHrLv><mdDateSt Sync="TRUE">20240113</mdDateSt></metadata>
